word,difficulty_0_100,level,letters,syllables,tags
reuse,21.326601488987773,easy,5,1,prefix
redo,21.326601488987773,easy,4,2,prefix
return,24.20435726269262,easy,6,2,prefix
unfair,24.20435726269262,easy,6,2,prefix
reheat,24.20435726269262,easy,6,2,prefix
unsafe,24.20435726269262,easy,6,2,prefix
replay,24.20435726269262,easy,6,2,prefix
prefix,24.20435726269262,easy,6,2,prefix
unlock,24.20435726269262,easy,6,2,prefix
cube,24.52410790421538,easy,4,1,math
mean,24.52410790421538,easy,4,1,math
angle,24.52410790421538,easy,5,2,math
sum,24.52410790421538,easy,3,1,math
mode,24.52410790421538,easy,4,1,math
range,24.52410790421538,easy,5,1,math
time,24.52410790421538,easy,4,1,math
prime,24.52410790421538,easy,5,1,math
event,24.52410790421538,easy,5,2,math
value,24.52410790421538,easy,5,1,math
root,24.52410790421538,easy,4,1,math
mass,24.52410790421538,easy,4,1,math
area,24.52410790421538,easy,4,2,math
axis,24.52410790421538,easy,4,2,math
chart,24.52410790421538,easy,5,1,math
lungs,24.52410790421538,easy,5,1,science
acute,24.52410790421538,easy,5,2,math
width,24.52410790421538,easy,5,1,math
force,24.52410790421538,easy,5,1,science
push,24.52410790421538,easy,4,1,science
pull,24.52410790421538,easy,4,1,science
place,24.52410790421538,easy,5,1,math
arc,24.52410790421538,easy,3,1,math
cell,24.52410790421538,easy,4,1,science
bulb,24.52410790421538,easy,4,1,science
motor,24.52410790421538,easy,5,2,science
pitch,24.52410790421538,easy,5,1,science
sound,24.52410790421538,easy,5,1,science
light,24.52410790421538,easy,5,1,science
table,24.52410790421538,easy,5,2,math
prism,24.52410790421538,easy,5,1,science
ratio,24.52410790421538,easy,5,2,math
right,24.52410790421538,easy,5,1,math
odour,26.122861111829188,easy,5,2,uk_our
litre,26.122861111829188,easy,5,1,uk_re
fibre,26.122861111829188,easy,5,1,uk_re
sabre,26.122861111829188,easy,5,1,uk_re
metre,26.122861111829188,easy,5,1,uk_re
misread,27.08211303639747,easy,7,2,prefix
nonstop,27.08211303639747,easy,7,2,prefix
rebuild,27.08211303639747,easy,7,2,prefix
mislead,27.08211303639747,easy,7,2,prefix
replace,27.08211303639747,easy,7,2,prefix
mishear,27.08211303639747,easy,7,2,prefix
preheat,27.08211303639747,easy,7,2,prefix
preview,27.08211303639747,easy,7,2,prefix
prepare,27.08211303639747,easy,7,2,prefix
predict,27.08211303639747,easy,7,2,prefix
prevent,27.08211303639747,easy,7,2,prefix
dislike,27.08211303639747,easy,7,2,prefix
trident,27.08211303639747,easy,7,2,prefix
hydrant,27.08211303639747,easy,7,2,prefix
rewrite,27.08211303639747,easy,7,2,prefix
obtuse,27.401863677920232,easy,6,2,math
median,27.401863677920232,easy,6,2,math
magnet,27.401863677920232,easy,6,2,science
radius,27.401863677920232,easy,6,2,math
solute,27.401863677920232,easy,6,2,science
length,27.401863677920232,easy,6,1,math
square,27.401863677920232,easy,6,1,math
factor,27.401863677920232,easy,6,2,math
method,27.401863677920232,easy,6,2,science
switch,27.401863677920232,easy,6,1,science
divide,27.401863677920232,easy,6,2,math
degree,27.401863677920232,easy,6,1,math
absorb,27.401863677920232,easy,6,2,science
shadow,27.401863677920232,easy,6,2,science
fuel,27.721614319442992,easy,4,1,double_l
level,27.721614319442992,easy,5,2,double_l
model,27.721614319442992,easy,5,2,double_l
label,27.721614319442992,easy,5,2,double_l
arise,27.721614319442992,easy,5,2,uk_ise
enrol,27.721614319442992,easy,5,2,double_l
uneven,29.000616885534036,easy,6,3,prefix
colour,29.000616885534036,easy,6,2,uk_our
litres,29.000616885534036,easy,6,2,uk_re
lustre,29.000616885534036,easy,6,1,uk_re
humour,29.000616885534036,easy,6,2,uk_our
armour,29.000616885534036,easy,6,2,uk_our
rumour,29.000616885534036,easy,6,2,uk_our
vapour,29.000616885534036,easy,6,2,uk_our
metres,29.000616885534036,easy,6,2,uk_re
untidy,29.000616885534036,easy,6,3,prefix
fibres,29.000616885534036,easy,6,2,uk_re
savour,29.000616885534036,easy,6,2,uk_our
centre,29.000616885534036,easy,6,1,uk_re
labour,29.000616885534036,easy,6,2,uk_our
valour,29.000616885534036,easy,6,2,uk_our
honour,29.000616885534036,easy,6,2,uk_our
misspell,29.959868810102318,easy,8,2,prefix
nonsense,29.959868810102318,easy,8,2,prefix
mistreat,29.959868810102318,easy,8,2,prefix
disagree,29.959868810102318,easy,8,2,prefix
misplace,29.959868810102318,easy,8,2,prefix
misprint,29.959868810102318,easy,8,2,prefix
scalene,30.279619451625077,easy,7,2,math
mixture,30.279619451625077,easy,7,2,science
sieving,30.279619451625077,easy,7,2,science
solvent,30.279619451625077,easy,7,2,science
percent,30.279619451625077,easy,7,2,math
control,30.279619451625077,easy,7,2,science
diagram,30.279619451625077,easy,7,2,math
melting,30.279619451625077,easy,7,2,science
celsius,30.279619451625077,easy,7,2,science
outcome,30.279619451625077,easy,7,2,math
current,30.279619451625077,easy,7,2,science
results,30.279619451625077,easy,7,2,science
product,30.279619451625077,easy,7,2,math
circuit,30.279619451625077,easy,7,2,science
signal,30.59937009314784,easy,6,2,double_l
fulfil,30.59937009314784,easy,6,2,double_l
woolly,30.59937009314784,easy,6,2,double_l
marvel,30.59937009314784,easy,6,2,double_l
cancel,30.59937009314784,easy,6,2,double_l
propel,30.59937009314784,easy,6,2,double_l
chilli,30.59937009314784,easy,6,2,double_l
advise,30.59937009314784,easy,6,2,uk_ise
option,30.59937009314784,easy,6,2,tion
travel,30.59937009314784,easy,6,2,double_l
action,30.59937009314784,easy,6,2,tion
revise,30.59937009314784,easy,6,2,uk_ise
chaos,30.9191207346706,easy,5,1,greek_ph_ch
echo,30.9191207346706,easy,4,2,greek_ph_ch
photo,30.9191207346706,easy,5,2,greek_ph_ch
phase,30.9191207346706,easy,5,1,greek_ph_ch
phone,30.9191207346706,easy,5,1,greek_ph_ch
rumours,31.87837265923888,easy,7,2,uk_our
aquatic,31.87837265923888,easy,7,3,prefix
biology,31.87837265923888,easy,7,3,prefix
unusual,31.87837265923888,easy,7,3,prefix
colours,31.87837265923888,easy,7,2,uk_our
glamour,31.87837265923888,easy,7,2,uk_our
geology,31.87837265923888,easy,7,3,prefix
flavour,31.87837265923888,easy,7,2,uk_our
unhappy,31.87837265923888,easy,7,3,prefix
bicycle,31.87837265923888,easy,7,3,prefix
disobey,31.87837265923888,easy,7,3,prefix
sceptre,31.87837265923888,easy,7,1,uk_re
theatre,31.87837265923888,easy,7,1,uk_re
harbour,31.87837265923888,easy,7,2,uk_our
centres,31.87837265923888,easy,7,2,uk_re
calibre,31.87837265923888,easy,7,2,uk_re
spectre,31.87837265923888,easy,7,1,uk_re
parlour,31.87837265923888,easy,7,2,uk_our
energy,32.198123300761644,easy,6,3,science
opaque,32.198123300761644,easy,6,3,science
artery,32.198123300761644,easy,6,3,science
freezing,33.15737522532993,easy,8,2,science
rounding,33.15737522532993,easy,8,2,math
fraction,33.15737522532993,easy,8,2,math
constant,33.15737522532993,easy,8,2,math
spectrum,33.15737522532993,easy,8,2,science
resource,33.15737522532993,easy,8,2,science
quotient,33.15737522532993,easy,8,2,math
install,33.47712586685269,easy,7,2,double_l
realise,33.47712586685269,easy,7,2,uk_ise
station,33.47712586685269,easy,7,2,tion
caution,33.47712586685269,easy,7,2,tion
quarrel,33.47712586685269,easy,7,2,double_l
skilful,33.47712586685269,easy,7,2,double_l
unknown,33.47712586685269,easy,7,2,math;prefix
auction,33.47712586685269,easy,7,2,tion
counsel,33.47712586685269,easy,7,2,double_l
fuelled,33.47712586685269,easy,7,2,double_l
promise,33.47712586685269,easy,7,2,uk_ise
trophy,33.79687650837545,easy,6,2,greek_ph_ch
choral,33.79687650837545,easy,6,2,greek_ph_ch
volume,33.79687650837545,easy,6,2,math;science
scent,34.11662714989821,easy,5,1,silent
knit,34.11662714989821,easy,4,1,silent
sign,34.11662714989821,easy,4,1,silent
wring,34.11662714989821,easy,5,1,silent
wrist,34.11662714989821,easy,5,1,silent
wrong,34.11662714989821,easy,5,1,silent
piece,34.11662714989821,easy,5,1,ei_ie
weigh,34.11662714989821,easy,5,1,ei_ie
field,34.11662714989821,easy,5,1,ei_ie
chief,34.11662714989821,easy,5,1,ei_ie
thief,34.11662714989821,easy,5,1,ei_ie
wreck,34.11662714989821,easy,5,1,silent
gnat,34.11662714989821,easy,4,1,silent
their,34.11662714989821,easy,5,1,ei_ie
weird,34.11662714989821,easy,5,1,ei_ie
seize,34.11662714989821,easy,5,1,ei_ie
eight,34.11662714989821,easy,5,1,ei_ie
gnome,34.11662714989821,easy,5,1,silent
veil,34.11662714989821,easy,4,1,ei_ie
gnaw,34.11662714989821,easy,4,1,silent
wrap,34.11662714989821,easy,4,1,silent
knife,34.11662714989821,easy,5,1,silent
rein,34.11662714989821,easy,4,1,ei_ie
lamb,34.11662714989821,easy,4,1,silent
tomb,34.11662714989821,easy,4,1,silent
bomb,34.11662714989821,easy,4,1,silent
knob,34.11662714989821,easy,4,1,silent
limb,34.11662714989821,easy,4,1,silent
crumb,34.11662714989821,easy,5,1,silent
wrote,34.11662714989821,easy,5,1,silent
numb,34.11662714989821,easy,4,1,silent
comb,34.11662714989821,easy,4,1,silent
doubt,34.11662714989821,easy,5,1,silent
debt,34.11662714989821,easy,4,1,silent
corps,34.11662714989821,easy,5,1,silent
write,34.11662714989821,easy,5,1,silent
heir,34.11662714989821,easy,4,1,silent
knee,34.11662714989821,easy,4,1,silent
hour,34.11662714989821,easy,4,1,silent
knock,34.11662714989821,easy,5,1,silent
kneel,34.11662714989821,easy,5,1,silent
thumb,34.11662714989821,easy,5,1,silent
geometry,34.75612843294373,easy,8,3,prefix
hydrogen,34.75612843294373,easy,8,3,prefix
theatres,34.75612843294373,easy,8,2,uk_re
harbours,34.75612843294373,easy,8,2,uk_our
aquarium,34.75612843294373,easy,8,3,prefix
tricycle,34.75612843294373,easy,8,3,prefix
centring,34.75612843294373,easy,8,2,uk_re
flavours,34.75612843294373,easy,8,2,uk_our
decimal,35.07587907446649,easy,7,3,math
octagon,35.07587907446649,easy,7,3,math
formula,35.07587907446649,easy,7,3,math
hexagon,35.07587907446649,easy,7,3,math
battery,35.07587907446649,easy,7,3,science
gravity,35.07587907446649,easy,7,3,science
habitat,35.07587907446649,easy,7,3,science
kinetic,35.07587907446649,easy,7,3,science
edibly,35.39562971598925,easy,6,3,able_ible
edible,35.39562971598925,easy,6,3,able_ible
arised,35.39562971598925,easy,6,3,uk_ise
arises,35.39562971598925,easy,6,3,uk_ise
reaction,36.35488164055754,easy,8,2,tion
surprise,36.35488164055754,easy,8,2,uk_ise
function,36.35488164055754,easy,8,2,tion
question,36.35488164055754,easy,8,2,tion
triangle,36.35488164055754,easy,8,2,math;prefix
comprise,36.35488164055754,easy,8,2,uk_ise
fuelling,36.35488164055754,easy,8,2,double_l
creation,36.35488164055754,easy,8,2,tion
triumph,36.674632282080296,easy,7,1,greek_ph_ch
savoury,36.674632282080296,easy,7,3,uk_our
monarch,36.674632282080296,easy,7,2,greek_ph_ch
tension,36.674632282080296,easy,7,2,sion
physics,36.674632282080296,easy,7,2,greek_ph_ch
chemist,36.674632282080296,easy,7,2,greek_ph_ch
archive,36.674632282080296,easy,7,2,greek_ph_ch
phonics,36.674632282080296,easy,7,2,greek_ph_ch
armoury,36.674632282080296,easy,7,3,uk_our
school,36.994382923603055,easy,6,1,silent
resign,36.994382923603055,easy,6,2,silent
assign,36.994382923603055,easy,6,2,silent
salmon,36.994382923603055,easy,6,2,silent
design,36.994382923603055,easy,6,2,silent
shield,36.994382923603055,easy,6,1,ei_ie
island,36.994382923603055,easy,6,2,silent
eighty,36.994382923603055,easy,6,2,ei_ie
listen,36.994382923603055,easy,6,2,silent
honest,36.994382923603055,easy,6,2,silent
castle,36.994382923603055,easy,6,2,silent
yogurt,36.994382923603055,easy,6,2,silent
knight,36.994382923603055,easy,6,1,silent
hustle,36.994382923603055,easy,6,2,silent
ballet,36.994382923603055,easy,6,2,silent
subtle,36.994382923603055,easy,6,2,silent
relief,36.994382923603055,easy,6,2,ei_ie
answer,36.994382923603055,easy,6,2,silent
belief,36.994382923603055,easy,6,2,ei_ie
pierce,36.994382923603055,easy,6,1,ei_ie
sleigh,36.994382923603055,easy,6,1,ei_ie
either,36.994382923603055,easy,6,2,ei_ie
occur,37.314133565125815,easy,5,2,tricky
forty,37.314133565125815,easy,5,2,tricky
graph,37.314133565125815,easy,5,1,greek_ph_ch;math
equip,37.314133565125815,easy,5,2,tricky
chord,37.314133565125815,easy,5,1,greek_ph_ch;math
rhyme,37.314133565125815,easy,5,1,tricky
queue,37.314133565125815,easy,5,1,tricky
aeroplane,37.633884206648574,easy,9,3,prefix
misbehave,37.633884206648574,easy,9,3,prefix
dishonest,37.633884206648574,easy,9,3,prefix
disappear,37.633884206648574,easy,9,3,prefix
astronaut,37.633884206648574,easy,9,3,prefix
microchip,37.633884206648574,easy,9,3,prefix
macrocosm,37.633884206648574,easy,9,3,prefix
bilingual,37.633884206648574,easy,9,3,prefix
chemical,37.95363484817134,easy,8,3,science
accurate,37.95363484817134,easy,8,3,science
balanced,37.95363484817134,easy,8,3,science
electric,37.95363484817134,easy,8,3,science
separate,37.95363484817134,easy,8,3,science
evidence,37.95363484817134,easy,8,3,science
heptagon,37.95363484817134,easy,8,3,math
organism,37.95363484817134,easy,8,3,science
pentagon,37.95363484817134,easy,8,3,math
diameter,37.95363484817134,easy,8,3,math
parallel,37.95363484817134,easy,8,3,math
vertical,37.95363484817134,easy,8,3,math
diagonal,37.95363484817134,easy,8,3,math
multiple,37.95363484817134,easy,8,3,math
simplify,37.95363484817134,easy,8,3,math
multiply,37.95363484817134,easy,8,3,math
estimate,37.95363484817134,easy,8,3,math
symmetry,37.95363484817134,easy,8,3,math
magnetic,37.95363484817134,easy,8,3,science
skeleton,37.95363484817134,easy,8,3,science
recycle,38.2733854896941,easy,7,3,prefix;science
visible,38.2733854896941,easy,7,3,able_ible
emotion,38.2733854896941,easy,7,3,tion
advises,38.2733854896941,easy,7,3,uk_ise
arising,38.2733854896941,easy,7,3,uk_ise
revised,38.2733854896941,easy,7,3,uk_ise
revises,38.2733854896941,easy,7,3,uk_ise
legible,38.2733854896941,easy,7,3,able_ible
advised,38.2733854896941,easy,7,3,uk_ise
dialogue,39.552388055785144,easy,8,2,uk_logue
humorous,39.552388055785144,easy,8,3,uk_our
sapphire,39.552388055785144,easy,8,2,greek_ph_ch
prologue,39.552388055785144,easy,8,2,uk_logue
labourer,39.552388055785144,easy,8,3,uk_our
written,39.8721386973079,easy,7,2,silent
wrinkle,39.8721386973079,easy,7,2,silent
whistle,39.8721386973079,easy,7,2,silent
wrestle,39.8721386973079,easy,7,2,silent
plumber,39.8721386973079,easy,7,2,silent
yoghurt,39.8721386973079,easy,7,2,silent
knuckle,39.8721386973079,easy,7,2,silent
receive,39.8721386973079,easy,7,2,ei_ie
receipt,39.8721386973079,easy,7,2,ei_ie
protein,39.8721386973079,easy,7,2,ei_ie
neither,39.8721386973079,easy,7,2,ei_ie
science,39.8721386973079,easy,7,1,silent
deceive,39.8721386973079,easy,7,2,ei_ie
ceiling,39.8721386973079,easy,7,2,ei_ie
freight,39.8721386973079,easy,7,1,ei_ie
system,40.19188933883066,easy,6,2,tricky
harass,40.19188933883066,easy,6,2,tricky
facial,40.19188933883066,easy,6,2,tial_cial
symbol,40.19188933883066,easy,6,2,tricky
rhythm,40.19188933883066,easy,6,1,tricky
bruise,40.19188933883066,easy,6,1,tricky
social,40.19188933883066,easy,6,2,tial_cial
vein,40.51163998035342,easy,4,1,ei_ie;science
magnetism,40.83139062187618,easy,9,3,science
materials,40.83139062187618,easy,9,3,science
remainder,40.83139062187618,easy,9,3,math
rectangle,40.83139062187618,easy,9,3,math
intestine,40.83139062187618,easy,9,3,science
calculate,40.83139062187618,easy,9,3,math
digestion,40.83139062187618,easy,9,3,science
frequency,40.83139062187618,easy,9,3,science
conductor,40.83139062187618,easy,9,3,science
composite,40.83139062187618,easy,9,3,math
potential,40.83139062187618,easy,9,3,science
relation,41.15114126339895,easy,8,3,tion
jeweller,41.15114126339895,easy,8,3,double_l
ambition,41.15114126339895,easy,8,3,tion
adoption,41.15114126339895,easy,8,3,tion
advising,41.15114126339895,easy,8,3,uk_ise
credible,41.15114126339895,easy,8,3,able_ible
position,41.15114126339895,easy,8,3,tion
valuable,41.15114126339895,easy,8,3,able_ible
washably,41.15114126339895,easy,8,3,able_ible
reusably,41.15114126339895,easy,8,3,able_ible
organise,41.15114126339895,easy,8,3,uk_ise
optimise,41.15114126339895,easy,8,3,uk_ise
humanise,41.15114126339895,easy,8,3,uk_ise
realised,41.15114126339895,easy,8,3,uk_ise
realises,41.15114126339895,easy,8,3,uk_ise
valuably,41.15114126339895,easy,8,3,able_ible
washable,41.15114126339895,easy,8,3,able_ible
suitable,41.15114126339895,easy,8,3,able_ible
modelled,41.15114126339895,easy,8,3,double_l
penalise,41.15114126339895,easy,8,3,uk_ise
legalise,41.15114126339895,easy,8,3,uk_ise
civilise,41.15114126339895,easy,8,3,uk_ise
terrible,41.15114126339895,easy,8,3,able_ible
location,41.15114126339895,easy,8,3,tion
flexibly,41.15114126339895,easy,8,3,able_ible
minimise,41.15114126339895,easy,8,3,uk_ise
reliable,41.15114126339895,easy,8,3,able_ible
horrible,41.15114126339895,easy,8,3,able_ible
rotation,41.15114126339895,easy,8,3,tion
promised,41.15114126339895,easy,8,3,uk_ise
promises,41.15114126339895,easy,8,3,uk_ise
memorise,41.15114126339895,easy,8,3,uk_ise
levelled,41.15114126339895,easy,8,3,double_l
election,41.15114126339895,easy,8,3,tion
maximise,41.15114126339895,easy,8,3,uk_ise
credibly,41.15114126339895,easy,8,3,able_ible
sensible,41.15114126339895,easy,8,3,able_ible
flexible,41.15114126339895,easy,8,3,able_ible
reusable,41.15114126339895,easy,8,3,able_ible
labelled,41.15114126339895,easy,8,3,double_l
possible,41.15114126339895,easy,8,3,able_ible
enrolled,41.15114126339895,easy,8,3,double_l
exercise,41.15114126339895,easy,8,3,uk_ise
revising,41.15114126339895,easy,8,3,uk_ise
capably,41.47089190492171,medium,7,3,ably_ibly
notably,41.47089190492171,medium,7,3,ably_ibly
evasion,41.47089190492171,medium,7,3,sion
erosion,41.47089190492171,medium,7,3,sion
labourers,42.43014382948999,medium,9,3,uk_our
colourful,42.43014382948999,medium,9,3,uk_our
astronomy,42.43014382948999,medium,9,4,prefix
favourite,42.43014382948999,medium,9,3,uk_our
autopilot,42.43014382948999,medium,9,4,prefix
behaviour,42.43014382948999,medium,9,3,uk_our
automatic,42.43014382948999,medium,9,4,prefix
endeavour,42.43014382948999,medium,9,3,uk_our
kilometre,42.43014382948999,medium,9,3,uk_re
labouring,42.43014382948999,medium,9,3,uk_our
caffeine,42.74989447101275,medium,8,2,ei_ie
reindeer,42.74989447101275,medium,8,2,ei_ie
perceive,42.74989447101275,medium,8,2,ei_ie
scissors,42.74989447101275,medium,8,2,silent
conceive,42.74989447101275,medium,8,2,ei_ie
friction,42.74989447101275,medium,8,2,science;tion
crucial,43.06964511253551,medium,7,2,tial_cial
soldier,43.06964511253551,medium,7,2,tricky
partial,43.06964511253551,medium,7,2,tial_cial
martial,43.06964511253551,medium,7,2,tial_cial
suggest,43.06964511253551,medium,7,2,tricky
sincere,43.06964511253551,medium,7,2,tricky
ancient,43.06964511253551,medium,7,2,tricky
awkward,43.06964511253551,medium,7,2,tricky
bargain,43.06964511253551,medium,7,2,tricky
biscuit,43.06964511253551,medium,7,2,tricky
twelfth,43.06964511253551,medium,7,1,tricky
special,43.06964511253551,medium,7,2,tial_cial
spatial,43.06964511253551,medium,7,2,tial_cial
weight,43.38939575405828,medium,6,1,ei_ie;math
height,43.38939575405828,medium,6,1,ei_ie;math
muscle,43.38939575405828,medium,6,2,science;silent
tough,43.70914639558104,medium,5,1,ough
dough,43.70914639558104,medium,5,1,ough
bough,43.70914639558104,medium,5,1,ough
ought,43.70914639558104,medium,5,1,ough
sough,43.70914639558104,medium,5,1,ough
rough,43.70914639558104,medium,5,1,ough
cough,43.70914639558104,medium,5,1,ough
tradition,44.028897037103796,medium,9,3,tion
levelling,44.028897037103796,medium,9,3,double_l
promising,44.028897037103796,medium,9,3,uk_ise
deviation,44.028897037103796,medium,9,3,tion
situation,44.028897037103796,medium,9,3,tion
direction,44.028897037103796,medium,9,3,tion
migration,44.028897037103796,medium,9,3,tion
narration,44.028897037103796,medium,9,3,tion
comprises,44.028897037103796,medium,9,3,uk_ise
comprised,44.028897037103796,medium,9,3,uk_ise
sensation,44.028897037103796,medium,9,3,tion
traveller,44.028897037103796,medium,9,3,double_l
signalled,44.028897037103796,medium,9,3,double_l
salvation,44.028897037103796,medium,9,3,tion
marvelled,44.028897037103796,medium,9,3,double_l
reduction,44.028897037103796,medium,9,3,tion
reception,44.028897037103796,medium,9,3,tion
cancelled,44.028897037103796,medium,9,3,double_l
symbolise,44.028897037103796,medium,9,3,uk_ise
visualise,44.028897037103796,medium,9,3,uk_ise
modelling,44.028897037103796,medium,9,3,double_l
pollution,44.028897037103796,medium,9,3,tion
labelling,44.028897037103796,medium,9,3,double_l
travelled,44.028897037103796,medium,9,3,double_l
exception,44.028897037103796,medium,9,3,tion
stabilise,44.028897037103796,medium,9,3,uk_ise
intention,44.028897037103796,medium,9,3,tion
propelled,44.028897037103796,medium,9,3,double_l
criticise,44.028897037103796,medium,9,3,uk_ise
advertise,44.028897037103796,medium,9,3,uk_ise
attention,44.028897037103796,medium,9,3,tion
installed,44.028897037103796,medium,9,3,double_l
installer,44.028897037103796,medium,9,3,double_l
fulfilled,44.028897037103796,medium,9,3,double_l
surprised,44.028897037103796,medium,9,3,uk_ise
enrolling,44.028897037103796,medium,9,3,double_l
enrolment,44.028897037103796,medium,9,3,double_l
surprises,44.028897037103796,medium,9,3,uk_ise
realising,44.028897037103796,medium,9,3,uk_ise
supervise,44.028897037103796,medium,9,3,uk_ise
improvise,44.028897037103796,medium,9,3,uk_ise
fertilise,44.028897037103796,medium,9,3,uk_ise
condition,44.028897037103796,medium,9,3,tion
globalise,44.028897037103796,medium,9,3,uk_ise
authorise,44.028897037103796,medium,9,3,uk_ise
summarise,44.028897037103796,medium,9,3,uk_ise
breakable,44.028897037103796,medium,9,3,able_ible
emphasise,44.028897037103796,medium,9,3,uk_ise
modernise,44.028897037103796,medium,9,3,uk_ise
breakably,44.028897037103796,medium,9,3,able_ible
invention,44.028897037103796,medium,9,3,tion
probably,44.348647678626556,medium,8,3,ably_ibly
illusion,44.348647678626556,medium,8,3,sion
elephant,44.348647678626556,medium,8,3,greek_ph_ch
occasion,44.348647678626556,medium,8,3,sion
variable,44.348647678626556,medium,8,3,math;science
symphony,44.348647678626556,medium,8,3,greek_ph_ch
revision,44.348647678626556,medium,8,3,sion
adhesion,44.348647678626556,medium,8,3,sion
incision,44.348647678626556,medium,8,3,sion
alphabet,44.348647678626556,medium,8,3,greek_ph_ch
mechanic,44.348647678626556,medium,8,3,greek_ph_ch
delusion,44.348647678626556,medium,8,3,sion
invasion,44.348647678626556,medium,8,3,sion
epilogue,44.348647678626556,medium,8,3,uk_logue
analogue,44.348647678626556,medium,8,3,uk_logue
occupy,44.98814896167208,medium,6,3,tricky
discomfort,45.30789960319484,medium,10,3,prefix
disconnect,45.30789960319484,medium,10,3,prefix
nonfiction,45.30789960319484,medium,10,3,prefix
nonviolent,45.30789960319484,medium,10,3,prefix
neighbours,45.30789960319484,medium,10,2,uk_our
antifreeze,45.30789960319484,medium,10,3,prefix
microscope,45.30789960319484,medium,10,3,prefix
disapprove,45.30789960319484,medium,10,3,prefix
insulator,45.6276502447176,medium,9,4,science
scientist,45.6276502447176,medium,9,2,silent
ecosystem,45.6276502447176,medium,9,4,science
perimeter,45.6276502447176,medium,9,4,math
isosceles,45.6276502447176,medium,9,4,math
numerator,45.6276502447176,medium,9,4,math
language,45.94740088624036,medium,8,2,tricky
eligible,45.94740088624036,medium,8,4,able_ible
persuade,45.94740088624036,medium,8,2,tricky
nuisance,45.94740088624036,medium,8,2,tricky
shoulder,45.94740088624036,medium,8,2,tricky
eligibly,45.94740088624036,medium,8,4,able_ible
nought,46.586902169285885,medium,6,1,ough
plough,46.586902169285885,medium,6,1,ough
trough,46.586902169285885,medium,6,1,ough
enough,46.586902169285885,medium,6,2,ough
though,46.586902169285885,medium,6,1,ough
fought,46.586902169285885,medium,6,1,ough
bought,46.586902169285885,medium,6,1,ough
aeon,46.906652810808644,medium,4,1,ae_oe
monologue,47.226403452331404,medium,9,3,uk_logue
provision,47.226403452331404,medium,9,3,sion
dialogues,47.226403452331404,medium,9,3,uk_logue
catalogue,47.226403452331404,medium,9,3,uk_logue
exclusion,47.226403452331404,medium,9,3,sion
dimension,47.226403452331404,medium,9,3,sion
immersion,47.226403452331404,medium,9,3,sion
extension,47.226403452331404,medium,9,3,sion
prologues,47.226403452331404,medium,9,3,uk_logue
paragraph,47.226403452331404,medium,9,3,greek_ph_ch
character,47.226403452331404,medium,9,3,greek_ph_ch
technical,47.226403452331404,medium,9,3,greek_ph_ch
confusion,47.226403452331404,medium,9,3,sion
expansion,47.226403452331404,medium,9,3,sion
chemistry,47.226403452331404,medium,9,3,greek_ph_ch
seclusion,47.226403452331404,medium,9,3,sion
intrusion,47.226403452331404,medium,9,3,sion
diffusion,47.226403452331404,medium,9,3,sion
profusion,47.226403452331404,medium,9,3,sion
excursion,47.226403452331404,medium,9,3,sion
emission,47.54615409385416,medium,8,3,ssion
solution,47.54615409385416,medium,8,3,science;tion
schedule,47.54615409385416,medium,8,3,silent
business,47.54615409385416,medium,8,3,silent
equation,47.54615409385416,medium,8,3,math;tion
omission,47.54615409385416,medium,8,3,ssion
addition,47.54615409385416,medium,8,3,math;tion
develop,47.86590473537693,medium,7,3,tricky
dialyse,47.86590473537693,medium,7,2,uk_yse
variety,47.86590473537693,medium,7,3,tricky
initial,47.86590473537693,medium,7,3,tial_cial
vehicle,47.86590473537693,medium,7,3,tricky
amateur,47.86590473537693,medium,7,3,tricky
prediction,48.50540601842245,medium,10,3,science
filtration,48.50540601842245,medium,10,3,science
coordinate,48.50540601842245,medium,10,3,math
refraction,48.50540601842245,medium,10,3,science
vertebrate,48.50540601842245,medium,10,3,science
proportion,48.50540601842245,medium,10,3,math
percentage,48.50540601842245,medium,10,3,math
difference,48.50540601842245,medium,10,3,math
admirable,48.82515665994521,medium,9,4,able_ible
exercised,48.82515665994521,medium,9,4,uk_ise
avoidably,48.82515665994521,medium,9,4,able_ible
availably,48.82515665994521,medium,9,4,able_ible
exercises,48.82515665994521,medium,9,4,uk_ise
jewellery,48.82515665994521,medium,9,4,double_l
humanises,48.82515665994521,medium,9,4,uk_ise
admirably,48.82515665994521,medium,9,4,able_ible
humanised,48.82515665994521,medium,9,4,uk_ise
renewably,48.82515665994521,medium,9,4,able_ible
avoidable,48.82515665994521,medium,9,4,able_ible
penalises,48.82515665994521,medium,9,4,uk_ise
optimised,48.82515665994521,medium,9,4,uk_ise
optimises,48.82515665994521,medium,9,4,uk_ise
programme,48.82515665994521,medium,9,2,tricky
imitation,48.82515665994521,medium,9,4,tion
lightning,48.82515665994521,medium,9,2,tricky
civilised,48.82515665994521,medium,9,4,uk_ise
civilises,48.82515665994521,medium,9,4,uk_ise
minimises,48.82515665994521,medium,9,4,uk_ise
apologise,48.82515665994521,medium,9,4,uk_ise
organises,48.82515665994521,medium,9,4,uk_ise
organised,48.82515665994521,medium,9,4,uk_ise
hindrance,48.82515665994521,medium,9,2,tricky
penalised,48.82515665994521,medium,9,4,uk_ise
guarantee,48.82515665994521,medium,9,2,tricky
committee,48.82515665994521,medium,9,2,tricky
conscious,48.82515665994521,medium,9,2,tricky
education,48.82515665994521,medium,9,4,tion
minimised,48.82515665994521,medium,9,4,uk_ise
animation,48.82515665994521,medium,9,4,tion
maximises,48.82515665994521,medium,9,4,uk_ise
legalises,48.82515665994521,medium,9,4,uk_ise
maximised,48.82515665994521,medium,9,4,uk_ise
legalised,48.82515665994521,medium,9,4,uk_ise
memorised,48.82515665994521,medium,9,4,uk_ise
memorises,48.82515665994521,medium,9,4,uk_ise
operation,48.82515665994521,medium,9,4,tion
drought,49.46465794299073,medium,7,1,ough
borough,49.46465794299073,medium,7,2,ough
thought,49.46465794299073,medium,7,1,ough
through,49.46465794299073,medium,7,1,ough
brought,49.46465794299073,medium,7,1,ough
chorus,49.78440858451349,medium,6,2,greek_ph_ch;silent
foetus,49.78440858451349,medium,6,2,ae_oe
antibiotic,50.10415922603625,medium,10,4,prefix
humourless,50.10415922603625,medium,10,3,uk_our
centimetre,50.10415922603625,medium,10,3,uk_re
prehistory,50.10415922603625,medium,10,4,prefix
millimetre,50.10415922603625,medium,10,3,uk_re
harbouring,50.10415922603625,medium,10,3,uk_our
millilitre,50.10415922603625,medium,10,3,uk_re
colourless,50.10415922603625,medium,10,3,uk_our
antiseptic,50.10415922603625,medium,10,4,prefix
flavouring,50.10415922603625,medium,10,3,uk_our
telephone,50.42390986755901,medium,9,3,greek_ph_ch;prefix
recession,50.42390986755901,medium,9,3,ssion
biography,50.42390986755901,medium,9,3,greek_ph_ch;prefix
vibration,50.42390986755901,medium,9,3,science;tion
obsession,50.42390986755901,medium,9,3,ssion
geography,50.42390986755901,medium,9,3,greek_ph_ch;prefix
admission,50.42390986755901,medium,9,3,ssion
autograph,50.42390986755901,medium,9,3,greek_ph_ch;prefix
socially,50.74366050908177,medium,8,3,tial_cial
magician,50.74366050908177,medium,8,3,cian
optician,50.74366050908177,medium,8,3,cian
musician,50.74366050908177,medium,8,3,cian
relevant,50.74366050908177,medium,8,3,tricky
palatial,50.74366050908177,medium,8,3,tial_cial
judicial,50.74366050908177,medium,8,3,tial_cial
official,50.74366050908177,medium,8,3,tial_cial
physical,50.74366050908177,medium,8,3,tricky
logician,50.74366050908177,medium,8,3,cian
broccoli,50.74366050908177,medium,8,3,tricky
definite,50.74366050908177,medium,8,3,tricky
attached,50.74366050908177,medium,8,3,tricky
apparent,50.74366050908177,medium,8,3,tricky
division,50.74366050908177,medium,8,3,math;sion
familiar,50.74366050908177,medium,8,3,tricky
visibly,51.06341115060454,medium,7,3,able_ible;ably_ibly
legibly,51.06341115060454,medium,7,3,able_ible;ably_ibly
transparent,51.3831617921273,medium,11,3,science
translucent,51.3831617921273,medium,11,3,science
subtraction,51.3831617921273,medium,11,3,math
chlorophyll,51.3831617921273,medium,11,3,science
travelling,51.702912433650056,medium,10,3,double_l
installing,51.702912433650056,medium,10,3,double_l
centralise,51.702912433650056,medium,10,3,uk_ise
collection,51.702912433650056,medium,10,3,tion
neutralise,51.702912433650056,medium,10,3,uk_ise
surprising,51.702912433650056,medium,10,3,uk_ise
changeably,51.702912433650056,medium,10,3,able_ible
attraction,51.702912433650056,medium,10,3,tion
comprising,51.702912433650056,medium,10,3,uk_ise
propelling,51.702912433650056,medium,10,3,double_l
counselled,51.702912433650056,medium,10,3,double_l
fulfilling,51.702912433650056,medium,10,3,double_l
changeable,51.702912433650056,medium,10,3,able_ible
signalling,51.702912433650056,medium,10,3,double_l
quarrelled,51.702912433650056,medium,10,3,double_l
marvelling,51.702912433650056,medium,10,3,double_l
specialise,51.702912433650056,medium,10,3,uk_ise
prioritise,51.702912433650056,medium,10,3,uk_ise
cancelling,51.702912433650056,medium,10,3,double_l
counsellor,51.702912433650056,medium,10,3,double_l
inspection,51.702912433650056,medium,10,3,tion
production,51.702912433650056,medium,10,3,tion
correction,51.702912433650056,medium,10,3,tion
connection,51.702912433650056,medium,10,3,tion
foundation,51.702912433650056,medium,10,3,tion
suggestion,51.702912433650056,medium,10,3,tion
protection,51.702912433650056,medium,10,3,tion
prevention,51.702912433650056,medium,10,3,tion
combustion,51.702912433650056,medium,10,3,tion
epilogues,52.022663075172815,medium,9,4,uk_logue
analogues,52.022663075172815,medium,9,4,uk_logue
although,52.342413716695575,medium,8,2,ough
thorough,52.342413716695575,medium,8,2,ough
hiccough,52.342413716695575,medium,8,2,ough
analyst,52.66216435821834,medium,7,3,uk_yse
analyse,52.66216435821834,medium,7,3,uk_yse
neighbourly,52.9819149997411,medium,11,3,uk_our
unbalanced,53.30166564126386,medium,10,4,science
equivalent,53.30166564126386,medium,10,4,math
horizontal,53.30166564126386,medium,10,4,math
experiment,53.30166564126386,medium,10,4,science
hypothesis,53.30166564126386,medium,10,4,science
yacht,53.30166564126386,medium,5,1,silent;tricky
repeatable,53.30166564126386,medium,10,4,science
embarrass,53.62141628278662,medium,9,3,tricky
recommend,53.62141628278662,medium,9,3,tricky
existence,53.62141628278662,medium,9,3,tricky
excellent,53.62141628278662,medium,9,3,tricky
impartial,53.62141628278662,medium,9,3,tial_cial
interrupt,53.62141628278662,medium,9,3,tricky
precision,53.62141628278662,medium,9,3,science;sion
prejudice,53.62141628278662,medium,9,3,tricky
celestial,53.62141628278662,medium,9,3,tial_cial
interfere,53.62141628278662,medium,9,3,tricky
immediate,53.62141628278662,medium,9,3,tricky
equipment,53.62141628278662,medium,9,3,tricky
privilege,53.62141628278662,medium,9,3,tricky
essential,53.62141628278662,medium,9,3,tial_cial
clinician,53.62141628278662,medium,9,3,cian
desperate,53.62141628278662,medium,9,3,tricky
sacrifice,53.62141628278662,medium,9,3,tricky
dietician,53.62141628278662,medium,9,3,cian
signature,53.62141628278662,medium,9,3,tricky
according,53.62141628278662,medium,9,3,tricky
dietitian,53.62141628278662,medium,9,3,cian
physician,53.62141628278662,medium,9,3,cian
financial,53.62141628278662,medium,9,3,tial_cial
possibly,53.94116692430938,medium,8,3,able_ible;ably_ibly
suitably,53.94116692430938,medium,8,3,able_ible;ably_ibly
terribly,53.94116692430938,medium,8,3,able_ible;ably_ibly
sensibly,53.94116692430938,medium,8,3,able_ible;ably_ibly
decision,53.94116692430938,medium,8,3,sion;tion
horribly,53.94116692430938,medium,8,3,able_ible;ably_ibly
reliably,53.94116692430938,medium,8,3,able_ible;ably_ibly
average,54.260917565832145,medium,7,3,math;tricky
counselling,54.580668207354904,medium,11,3,double_l
quarrelling,54.580668207354904,medium,11,3,double_l
standardise,54.580668207354904,medium,11,3,uk_ise
distraction,54.580668207354904,medium,11,3,tion
translation,54.580668207354904,medium,11,3,tion
instruction,54.580668207354904,medium,11,3,tion
consumption,54.580668207354904,medium,11,3,tion
kilometres,54.90041884887766,medium,10,4,uk_re
favourites,54.90041884887766,medium,10,4,uk_our
honourable,54.90041884887766,medium,10,4,uk_our
persuasion,54.90041884887766,medium,10,3,sion
microphone,54.90041884887766,medium,10,3,greek_ph_ch
conversion,54.90041884887766,medium,10,3,sion
suspension,54.90041884887766,medium,10,3,sion
travelogue,54.90041884887766,medium,10,3,uk_logue
vegetable,55.22016949040042,medium,9,4,silent
renewable,55.22016949040042,medium,9,4,able_ible;science
catalyse,55.53992013192318,medium,8,3,uk_yse
dialysed,55.53992013192318,medium,8,3,uk_yse
dialyses,55.53992013192318,medium,8,3,uk_yse
cemetery,55.53992013192318,medium,8,4,tricky
category,55.53992013192318,medium,8,4,tricky
paralyse,55.53992013192318,medium,8,3,uk_yse
identity,55.53992013192318,medium,8,4,tricky
dialysis,55.53992013192318,medium,8,3,uk_yse
catalyst,55.53992013192318,medium,8,3,uk_yse
academic,55.53992013192318,medium,8,4,cian
thermometer,56.17942141496871,medium,11,4,science
respiration,56.17942141496871,medium,11,4,science
exhibition,56.49917205649147,medium,10,4,tion
criticises,56.49917205649147,medium,10,4,uk_ise
resolution,56.49917205649147,medium,10,4,tion
modernised,56.49917205649147,medium,10,4,uk_ise
relaxation,56.49917205649147,medium,10,4,tion
manageable,56.49917205649147,medium,10,4,able_ible
remarkable,56.49917205649147,medium,10,4,able_ible
modernises,56.49917205649147,medium,10,4,uk_ise
innovation,56.49917205649147,medium,10,4,tion
invitation,56.49917205649147,medium,10,4,tion
stabilised,56.49917205649147,medium,10,4,uk_ise
incubation,56.49917205649147,medium,10,4,tion
accessible,56.49917205649147,medium,10,4,able_ible
vegetation,56.49917205649147,medium,10,4,tion
compatibly,56.49917205649147,medium,10,4,able_ible
compatible,56.49917205649147,medium,10,4,able_ible
authorises,56.49917205649147,medium,10,4,uk_ise
capitalise,56.49917205649147,medium,10,4,uk_ise
dependable,56.49917205649147,medium,10,4,able_ible
authorised,56.49917205649147,medium,10,4,uk_ise
organising,56.49917205649147,medium,10,4,uk_ise
fertilised,56.49917205649147,medium,10,4,uk_ise
fertilises,56.49917205649147,medium,10,4,uk_ise
civilising,56.49917205649147,medium,10,4,uk_ise
navigation,56.49917205649147,medium,10,4,tion
allocation,56.49917205649147,medium,10,4,tion
decoration,56.49917205649147,medium,10,4,tion
criticised,56.49917205649147,medium,10,4,uk_ise
revolution,56.49917205649147,medium,10,4,tion
accessibly,56.49917205649147,medium,10,4,able_ible
separation,56.49917205649147,medium,10,4,tion
evaluation,56.49917205649147,medium,10,4,tion
globalises,56.49917205649147,medium,10,4,uk_ise
globalised,56.49917205649147,medium,10,4,uk_ise
occupation,56.49917205649147,medium,10,4,tion
humanising,56.49917205649147,medium,10,4,uk_ise
advertises,56.49917205649147,medium,10,4,uk_ise
motivation,56.49917205649147,medium,10,4,tion
advertised,56.49917205649147,medium,10,4,uk_ise
exercising,56.49917205649147,medium,10,4,uk_ise
recognises,56.49917205649147,medium,10,4,uk_ise
medication,56.49917205649147,medium,10,4,tion
penalising,56.49917205649147,medium,10,4,uk_ise
supervised,56.49917205649147,medium,10,4,uk_ise
supervises,56.49917205649147,medium,10,4,uk_ise
invincible,56.49917205649147,medium,10,4,able_ible
regulation,56.49917205649147,medium,10,4,tion
limitation,56.49917205649147,medium,10,4,tion
legalising,56.49917205649147,medium,10,4,uk_ise
improvises,56.49917205649147,medium,10,4,uk_ise
improvised,56.49917205649147,medium,10,4,uk_ise
simulation,56.49917205649147,medium,10,4,tion
expedition,56.49917205649147,medium,10,4,tion
definition,56.49917205649147,medium,10,4,tion
recognised,56.49917205649147,medium,10,4,uk_ise
affordably,56.49917205649147,medium,10,4,able_ible
noticeable,56.49917205649147,medium,10,4,able_ible
measurable,56.49917205649147,medium,10,4,able_ible
summarised,56.49917205649147,medium,10,4,uk_ise
evacuation,56.49917205649147,medium,10,4,tion
summarises,56.49917205649147,medium,10,4,uk_ise
measurably,56.49917205649147,medium,10,4,able_ible
reasonable,56.49917205649147,medium,10,4,able_ible
charitable,56.49917205649147,medium,10,4,able_ible
reversible,56.49917205649147,medium,10,4,able_ible
population,56.49917205649147,medium,10,4,tion
invincibly,56.49917205649147,medium,10,4,able_ible
memorising,56.49917205649147,medium,10,4,uk_ise
generation,56.49917205649147,medium,10,4,tion
emphasises,56.49917205649147,medium,10,4,uk_ise
charitably,56.49917205649147,medium,10,4,able_ible
visualises,56.49917205649147,medium,10,4,uk_ise
symbolises,56.49917205649147,medium,10,4,uk_ise
visualised,56.49917205649147,medium,10,4,uk_ise
alteration,56.49917205649147,medium,10,4,tion
reasonably,56.49917205649147,medium,10,4,able_ible
noticeably,56.49917205649147,medium,10,4,able_ible
emphasised,56.49917205649147,medium,10,4,uk_ise
maximising,56.49917205649147,medium,10,4,uk_ise
aspiration,56.49917205649147,medium,10,4,tion
stabilises,56.49917205649147,medium,10,4,uk_ise
symbolised,56.49917205649147,medium,10,4,uk_ise
minimising,56.49917205649147,medium,10,4,uk_ise
automation,56.49917205649147,medium,10,4,tion
optimising,56.49917205649147,medium,10,4,uk_ise
dedication,56.49917205649147,medium,10,4,tion
affordable,56.49917205649147,medium,10,4,able_ible
manageably,56.49917205649147,medium,10,4,able_ible
annotation,56.49917205649147,medium,10,4,tion
explosion,56.81892269801423,medium,9,3,sion;tion
inclusion,56.81892269801423,medium,9,3,sion;tion
collision,56.81892269801423,medium,9,3,sion;tion
anaemia,57.45842398105975,medium,7,3,ae_oe
construction,57.45842398105975,medium,12,3,tion
subscription,57.45842398105975,medium,12,3,tion
anaemic,57.45842398105975,medium,7,3,ae_oe
endeavoured,57.77817462258251,medium,11,4,uk_our
millimetres,57.77817462258251,medium,11,4,uk_re
centimetres,57.77817462258251,medium,11,4,uk_re
millilitres,57.77817462258251,medium,11,4,uk_re
transfusion,57.77817462258251,medium,11,3,sion
aerodynamic,57.77817462258251,medium,11,5,prefix
behavioural,57.77817462258251,medium,11,4,uk_our
confession,58.09792526410527,medium,10,3,ssion
aggression,58.09792526410527,medium,10,3,ssion
photograph,58.09792526410527,medium,10,3,greek_ph_ch;prefix
submission,58.09792526410527,medium,10,3,ssion
reflection,58.09792526410527,medium,10,3,science;tion
impression,58.09792526410527,medium,10,3,ssion
procession,58.09792526410527,medium,10,3,ssion
succession,58.09792526410527,medium,10,3,ssion
digression,58.09792526410527,medium,10,3,ssion
commission,58.09792526410527,medium,10,3,ssion
permission,58.09792526410527,medium,10,3,ssion
possession,58.09792526410527,medium,10,3,ssion
discussion,58.09792526410527,medium,10,3,ssion
accompany,58.41767590562803,medium,9,4,tricky
diarrhoea,58.41767590562803,medium,9,2,ae_oe
manoeuvre,58.41767590562803,medium,9,2,ae_oe
necessary,58.41767590562803,medium,9,4,tricky
initially,58.41767590562803,medium,9,4,tial_cial
dialysing,58.41767590562803,medium,9,3,uk_yse
community,58.41767590562803,medium,9,4,tricky
sincerely,58.41767590562803,medium,9,4,tricky
hydrolyse,58.41767590562803,medium,9,3,uk_yse
secretary,58.41767590562803,medium,9,4,tricky
curiosity,58.41767590562803,medium,9,4,tricky
invertebrate,59.057177188673556,medium,12,4,science
condensation,59.057177188673556,medium,12,4,science
leisure,59.057177188673556,medium,7,2,ei_ie;tricky
achieve,59.057177188673556,medium,7,2,ei_ie;tricky
symbolising,59.37692783019632,medium,11,4,uk_ise
vaccination,59.37692783019632,medium,11,4,tion
importation,59.37692783019632,medium,11,4,tion
recognising,59.37692783019632,medium,11,4,uk_ise
centralises,59.37692783019632,medium,11,4,uk_ise
information,59.37692783019632,medium,11,4,tion
destination,59.37692783019632,medium,11,4,tion
stabilising,59.37692783019632,medium,11,4,uk_ise
modernising,59.37692783019632,medium,11,4,uk_ise
calculation,59.37692783019632,medium,11,4,tion
summarising,59.37692783019632,medium,11,4,uk_ise
combination,59.37692783019632,medium,11,4,tion
fabrication,59.37692783019632,medium,11,4,tion
negotiation,59.37692783019632,medium,11,4,tion
nationalise,59.37692783019632,medium,11,4,uk_ise
neutralised,59.37692783019632,medium,11,4,uk_ise
ventilation,59.37692783019632,medium,11,4,tion
integration,59.37692783019632,medium,11,4,tion
affirmation,59.37692783019632,medium,11,4,tion
realisation,59.37692783019632,medium,11,4,uk_ise
emphasising,59.37692783019632,medium,11,4,uk_ise
fascination,59.37692783019632,medium,11,4,tion
authorising,59.37692783019632,medium,11,4,uk_ise
fertilising,59.37692783019632,medium,11,4,uk_ise
prioritises,59.37692783019632,medium,11,4,uk_ise
visualising,59.37692783019632,medium,11,4,uk_ise
criticising,59.37692783019632,medium,11,4,uk_ise
centralised,59.37692783019632,medium,11,4,uk_ise
specialises,59.37692783019632,medium,11,4,uk_ise
specialised,59.37692783019632,medium,11,4,uk_ise
prioritised,59.37692783019632,medium,11,4,uk_ise
application,59.37692783019632,medium,11,4,tion
neutralises,59.37692783019632,medium,11,4,uk_ise
legislation,59.37692783019632,medium,11,4,tion
compilation,59.37692783019632,medium,11,4,tion
hospitalise,59.37692783019632,medium,11,4,uk_ise
circulation,59.37692783019632,medium,11,4,tion
respectably,59.37692783019632,medium,11,4,able_ible
exploration,59.37692783019632,medium,11,4,tion
recognition,59.37692783019632,medium,11,4,tion
respectable,59.37692783019632,medium,11,4,able_ible
cooperation,59.37692783019632,medium,11,4,tion
comfortable,59.37692783019632,medium,11,4,able_ible
globalising,59.37692783019632,medium,11,4,uk_ise
improvising,59.37692783019632,medium,11,4,uk_ise
collapsibly,59.37692783019632,medium,11,4,able_ible
predictable,59.37692783019632,medium,11,4,able_ible
restoration,59.37692783019632,medium,11,4,tion
composition,59.37692783019632,medium,11,4,tion
immigration,59.37692783019632,medium,11,4,tion
publication,59.37692783019632,medium,11,4,tion
collapsible,59.37692783019632,medium,11,4,able_ible
oscillation,59.37692783019632,medium,11,4,tion
advertising,59.37692783019632,medium,11,4,uk_ise
orientation,59.37692783019632,medium,11,4,tion
responsible,59.37692783019632,medium,11,4,able_ible
preparation,59.37692783019632,medium,11,4,tion
observation,59.37692783019632,medium,11,4,tion
supervising,59.37692783019632,medium,11,4,uk_ise
celebration,59.37692783019632,medium,11,4,tion
monologues,59.69667847171908,hard,10,4,uk_logue
catalogues,59.69667847171908,hard,10,4,uk_logue
incredibly,59.69667847171908,hard,10,4,ably_ibly
catalogued,59.69667847171908,hard,10,4,uk_logue
technology,59.69667847171908,hard,10,4,greek_ph_ch
analysed,60.3361797547646,hard,8,4,uk_yse
analyses,60.3361797547646,hard,8,4,uk_yse
analysis,60.3361797547646,hard,8,4,uk_yse
endeavouring,60.65593039628736,hard,12,4,uk_our
denominator,60.97568103781012,hard,11,5,math
equilateral,60.97568103781012,hard,11,5,math
progression,60.97568103781012,hard,11,3,ssion
probability,60.97568103781012,hard,11,5,math
evaporation,60.97568103781012,hard,11,5,science
suppression,60.97568103781012,hard,11,3,ssion
parliament,61.29543167933288,hard,10,3,tricky
technician,61.29543167933288,hard,10,3,cian
beautician,61.29543167933288,hard,10,3,cian
restaurant,61.29543167933288,hard,10,3,tricky
torrential,61.29543167933288,hard,10,3,tial_cial
disastrous,61.29543167933288,hard,10,3,tricky
prudential,61.29543167933288,hard,10,3,tial_cial
sufficient,61.29543167933288,hard,10,3,tricky
aggressive,61.29543167933288,hard,10,3,tricky
inevitable,61.29543167933288,hard,10,5,able_ible
appreciate,61.29543167933288,hard,10,3,tricky
government,61.29543167933288,hard,10,3,tricky
correspond,61.29543167933288,hard,10,3,tricky
commercial,61.29543167933288,hard,10,3,tial_cial
apologised,61.29543167933288,hard,10,5,uk_ise
provincial,61.29543167933288,hard,10,3,tial_cial
apologises,61.29543167933288,hard,10,5,uk_ise
sequential,61.29543167933288,hard,10,3,tial_cial
questionably,62.25468360390117,hard,12,4,able_ible
preservation,62.25468360390117,hard,12,4,tion
characterise,62.25468360390117,hard,12,4,uk_ise
specialising,62.25468360390117,hard,12,4,uk_ise
prioritising,62.25468360390117,hard,12,4,uk_ise
neutralising,62.25468360390117,hard,12,4,uk_ise
distribution,62.25468360390117,hard,12,4,tion
contribution,62.25468360390117,hard,12,4,tion
coordination,62.25468360390117,hard,12,4,tion
standardises,62.25468360390117,hard,12,4,uk_ise
confirmation,62.25468360390117,hard,12,4,tion
conversation,62.25468360390117,hard,12,4,tion
consultation,62.25468360390117,hard,12,4,tion
implantation,62.25468360390117,hard,12,4,tion
realisations,62.25468360390117,hard,12,4,uk_ise
introduction,62.25468360390117,hard,12,4,tion
presentation,62.25468360390117,hard,12,4,tion
questionable,62.25468360390117,hard,12,4,able_ible
illustration,62.25468360390117,hard,12,4,tion
continuation,62.25468360390117,hard,12,4,tion
centralising,62.25468360390117,hard,12,4,uk_ise
standardised,62.25468360390117,hard,12,4,uk_ise
photography,62.57443424542393,hard,11,4,greek_ph_ch
travelogues,62.57443424542393,hard,11,4,uk_logue
cataloguing,62.57443424542393,hard,11,4,uk_logue
supervision,62.57443424542393,hard,11,4,sion
television,62.89418488694669,hard,10,4,prefix;sion
throughout,62.89418488694669,hard,10,2,ough
leukaemia,63.21393552846945,hard,9,3,ae_oe
oestrogen,63.21393552846945,hard,9,3,ae_oe
paralyses,63.21393552846945,hard,9,4,uk_yse
paralysis,63.21393552846945,hard,9,4,uk_yse
catalysed,63.21393552846945,hard,9,4,uk_yse
catalysis,63.21393552846945,hard,9,4,uk_yse
paralysed,63.21393552846945,hard,9,4,uk_yse
catalyses,63.21393552846945,hard,9,4,uk_yse
recognise,63.21393552846945,hard,9,3,tricky;uk_ise
analysing,63.21393552846945,hard,9,4,uk_yse
architect,63.21393552846945,hard,9,3,greek_ph_ch;silent
neighbourhood,63.53368616999221,hard,13,3,uk_our
transmission,63.85343681151497,hard,12,3,ssion
apologising,64.17318745303773,hard,11,5,uk_ise
convenience,64.17318745303773,hard,11,3,tricky
capitalises,64.17318745303773,hard,11,5,uk_ise
capitalised,64.17318745303773,hard,11,5,uk_ise
substantial,64.17318745303773,hard,11,3,tial_cial
imagination,64.17318745303773,hard,11,5,tion
elimination,64.17318745303773,hard,11,5,tion
mischievous,64.17318745303773,hard,11,3,tricky
influential,64.17318745303773,hard,11,3,tial_cial
expression,64.49293809456049,hard,10,3,math;ssion
architecture,65.45219001912878,hard,12,4,greek_ph_ch
politician,66.0916913021743,hard,10,4,cian
dictionary,66.0916913021743,hard,10,4,tricky
officially,66.0916913021743,hard,10,4,tial_cial
artificial,66.0916913021743,hard,10,4,tial_cial
beneficial,66.0916913021743,hard,10,4,tial_cial
exaggerate,66.0916913021743,hard,10,4,tricky
individual,66.0916913021743,hard,10,4,tricky
determined,66.0916913021743,hard,10,4,tricky
circumference,66.73119258521982,hard,13,4,math
february,66.73119258521982,hard,8,3,silent;tricky
nationalises,67.05094322674258,hard,12,5,uk_ise
depopulation,67.05094322674258,hard,12,5,tion
maximisation,67.05094322674258,hard,12,5,uk_ise
capitalising,67.05094322674258,hard,12,5,uk_ise
humanisation,67.05094322674258,hard,12,5,uk_ise
deliberation,67.05094322674258,hard,12,5,tion
minimisation,67.05094322674258,hard,12,5,uk_ise
hospitalised,67.05094322674258,hard,12,5,uk_ise
hospitalises,67.05094322674258,hard,12,5,uk_ise
penalisation,67.05094322674258,hard,12,5,uk_ise
considerable,67.05094322674258,hard,12,5,able_ible
optimisation,67.05094322674258,hard,12,5,uk_ise
irresistibly,67.05094322674258,hard,12,5,able_ible
legalisation,67.05094322674258,hard,12,5,uk_ise
irresistible,67.05094322674258,hard,12,5,able_ible
nationalised,67.05094322674258,hard,12,5,uk_ise
considerably,67.05094322674258,hard,12,5,able_ible
memorisation,67.05094322674258,hard,12,5,uk_ise
available,68.01019515131085,hard,9,4,able_ible;tricky
aetiology,68.01019515131085,hard,9,4,ae_oe
residential,68.96944707587915,hard,11,4,tial_cial
communicate,68.96944707587915,hard,11,4,tricky
electrician,68.96944707587915,hard,11,4,cian
accommodate,68.96944707587915,hard,11,4,tricky
controversy,68.96944707587915,hard,11,4,tricky
dependably,69.2891977174019,hard,10,4,able_ible;ably_ibly
remarkably,69.2891977174019,hard,10,4,able_ible;ably_ibly
reversibly,69.2891977174019,hard,10,4,able_ible;ably_ibly
wednesday,69.60894835892466,hard,9,3,silent;tricky
chocolate,69.60894835892466,hard,9,3,silent;tricky
raspberry,69.60894835892466,hard,9,3,silent;tricky
knowledgeable,69.92869900044742,hard,13,4,able_ible
standardising,69.92869900044742,hard,13,4,uk_ise
knowledgeably,69.92869900044742,hard,13,4,able_ible
concentration,69.92869900044742,hard,13,4,tion
demonstration,69.92869900044742,hard,13,4,tion
industrialise,69.92869900044742,hard,13,4,uk_ise
manoeuvres,70.8879509250157,hard,10,3,ae_oe
conclusion,70.8879509250157,hard,10,3,science;sion;tion
paralysing,70.8879509250157,hard,10,4,uk_yse
catalysing,70.8879509250157,hard,10,4,uk_yse
hydrolysis,70.8879509250157,hard,10,4,uk_yse
hydrolyses,70.8879509250157,hard,10,4,uk_yse
manoeuvred,70.8879509250157,hard,10,3,ae_oe
marvellous,70.8879509250157,hard,10,3,double_l;tricky
hydrolysed,70.8879509250157,hard,10,4,uk_yse
paediatric,70.8879509250157,hard,10,3,ae_oe
parallelogram,71.52745220806122,hard,13,5,math
quadrilateral,71.52745220806122,hard,13,5,math
perpendicular,71.52745220806122,hard,13,5,math
confidential,71.847202849584,hard,12,4,tial_cial
statistician,71.847202849584,hard,12,4,cian
installation,71.847202849584,hard,12,4,double_l;tion
responsibly,72.16695349110674,hard,11,4,able_ible;ably_ibly
predictably,72.16695349110674,hard,11,4,able_ible;ably_ibly
comfortably,72.16695349110674,hard,11,4,able_ible;ably_ibly
conscience,72.48670413262951,hard,10,2,silent;tricky
neighbour,72.80645477415227,hard,9,2,ei_ie;tricky;uk_our
opportunity,73.76570669872055,hard,11,5,tricky
hydrolysing,73.76570669872055,hard,11,4,uk_yse
manoeuvring,73.76570669872055,hard,11,3,ae_oe
paediatrics,73.76570669872055,hard,11,3,ae_oe
electrolyte,73.76570669872055,hard,11,4,uk_yse
immediately,73.76570669872055,hard,11,5,tricky
electrolyse,73.76570669872055,hard,11,4,uk_yse
inevitably,74.08545734024332,hard,10,5,able_ible;ably_ibly
multiplication,74.40520798176608,hard,14,5,math
hospitalising,74.72495862328884,hard,13,5,uk_ise
humanisations,74.72495862328884,hard,13,5,uk_ise
visualisation,74.72495862328884,hard,13,5,uk_ise
ornamentation,74.72495862328884,hard,13,5,tion
memorisations,74.72495862328884,hard,13,5,uk_ise
sterilisation,74.72495862328884,hard,13,5,tion
contamination,74.72495862328884,hard,13,5,tion
maximisations,74.72495862328884,hard,13,5,uk_ise
configuration,74.72495862328884,hard,13,5,tion
participation,74.72495862328884,hard,13,5,tion
optimisations,74.72495862328884,hard,13,5,uk_ise
communication,74.72495862328884,hard,13,5,tion
indispensably,74.72495862328884,hard,13,5,able_ible
investigation,74.72495862328884,hard,13,5,tion
qualification,74.72495862328884,hard,13,5,tion
minimisations,74.72495862328884,hard,13,5,uk_ise
consideration,74.72495862328884,hard,13,5,tion
globalisation,74.72495862328884,hard,13,5,uk_ise
summarisation,74.72495862328884,hard,13,5,uk_ise
indispensable,74.72495862328884,hard,13,5,able_ible
modernisation,74.72495862328884,hard,13,5,uk_ise
nationalising,74.72495862328884,hard,13,5,uk_ise
symbolisation,74.72495862328884,hard,13,5,uk_ise
criticisation,74.72495862328884,hard,13,5,uk_ise
characterised,74.72495862328884,hard,13,5,uk_ise
authorisation,74.72495862328884,hard,13,5,uk_ise
characterises,74.72495862328884,hard,13,5,uk_ise
recognisation,74.72495862328884,hard,13,5,uk_ise
emphasisation,74.72495862328884,hard,13,5,uk_ise
documentation,74.72495862328884,hard,13,5,tion
legalisations,74.72495862328884,hard,13,5,uk_ise
penalisations,74.72495862328884,hard,13,5,uk_ise
fertilisation,74.72495862328884,hard,13,5,uk_ise
determination,74.72495862328884,hard,13,5,tion
organisations,74.72495862328884,hard,13,5,uk_ise
civilisations,74.72495862328884,hard,13,5,uk_ise
foreign,75.0447092648116,hard,7,2,ei_ie;silent;tricky
environment,75.36445990633436,hard,11,4,science;tricky
temperature,75.36445990633436,hard,11,4,science;tricky
analytical,75.68421054785712,hard,10,5,uk_yse
organisation,76.6434624724254,hard,12,5,tion;uk_ise
civilisation,76.6434624724254,hard,12,5,tion;uk_ise
profession,77.28296375547092,hard,10,3,ssion;tricky
stabilisations,77.60271439699369,hard,14,5,uk_ise
fertilisations,77.60271439699369,hard,14,5,uk_ise
specialisation,77.60271439699369,hard,14,5,uk_ise
prioritisation,77.60271439699369,hard,14,5,uk_ise
visualisations,77.60271439699369,hard,14,5,uk_ise
characterising,77.60271439699369,hard,14,5,uk_ise
emphasisations,77.60271439699369,hard,14,5,uk_ise
symbolisations,77.60271439699369,hard,14,5,uk_ise
summarisations,77.60271439699369,hard,14,5,uk_ise
neutralisation,77.60271439699369,hard,14,5,uk_ise
criticisations,77.60271439699369,hard,14,5,uk_ise
authorisations,77.60271439699369,hard,14,5,uk_ise
centralisation,77.60271439699369,hard,14,5,uk_ise
industrialises,77.60271439699369,hard,14,5,uk_ise
industrialised,77.60271439699369,hard,14,5,uk_ise
modernisations,77.60271439699369,hard,14,5,uk_ise
recognisations,77.60271439699369,hard,14,5,uk_ise
globalisations,77.60271439699369,hard,14,5,uk_ise
comprehensibly,77.60271439699369,hard,14,5,able_ible
comprehensible,77.60271439699369,hard,14,5,able_ible
stomach,78.24221568003921,hard,7,2,greek_ph_ch;science;silent;tricky
competition,78.56196632156197,hard,11,4,tion;tricky
anaesthetic,78.56196632156197,hard,11,4,ae_oe
explanation,78.56196632156197,hard,11,4,tion;tricky
archaeology,78.56196632156197,hard,11,4,ae_oe
anaesthesia,78.56196632156197,hard,11,4,ae_oe
apologisation,79.52121824613025,hard,13,6,uk_ise
specialisations,80.48047017069854,hard,15,5,uk_ise
prioritisations,80.48047017069854,hard,15,5,uk_ise
neutralisations,80.48047017069854,hard,15,5,uk_ise
industrialising,80.48047017069854,hard,15,5,uk_ise
centralisations,80.48047017069854,hard,15,5,uk_ise
anaesthetist,81.43972209526682,hard,12,4,ae_oe
electrolysed,81.43972209526682,hard,12,5,uk_yse
electrolysis,81.43972209526682,hard,12,5,uk_yse
electrolyses,81.43972209526682,hard,12,5,uk_yse
circumstantial,82.3989740198351,hard,14,4,tial_cial
apologisations,82.3989740198351,hard,14,6,uk_ise
capitalisation,82.3989740198351,hard,14,6,uk_ise
stabilisation,84.31747786897166,hard,13,5,tion;uk_ise
mathematician,84.31747786897166,hard,13,5,cian
capitalisations,85.27672979353994,hard,15,6,uk_ise
nationalisation,85.27672979353994,hard,15,6,uk_ise
intensification,85.27672979353994,hard,15,6,tion
especially,85.27672979353994,hard,10,4,tial_cial;tricky
hospitalisation,85.27672979353994,hard,15,6,uk_ise
electrolysing,89.11373749181308,hard,13,5,uk_yse
archaeologist,89.11373749181308,hard,13,4,ae_oe
paediatrician,89.11373749181308,hard,13,4,ae_oe
pronunciation,89.11373749181308,hard,13,4,tion;tricky
standardisations,89.7532387748586,hard,16,5,uk_ise
standardisation,90.07298941638136,hard,15,5,tion;uk_ise
photosynthesis,90.39274005790412,hard,14,5,greek_ph_ch;prefix;science
archaeologists,91.99149326551793,hard,14,4,ae_oe
encyclopaedia,93.90999711465449,hard,13,5,ae_oe
hospitalisations,94.5494983977,hard,16,6,uk_ise
nationalisations,94.5494983977,hard,16,6,uk_ise
characterisation,94.5494983977,hard,16,6,uk_ise
archaeological,96.78775288835934,hard,14,5,ae_oe
industrialisation,97.42725417140485,hard,17,6,uk_ise
characterisations,97.42725417140485,hard,17,6,uk_ise
industrialisations,100.0,hard,18,6,uk_ise
